event_id,event_date,entity_id,event_type,severity,estimated_impact
EV0001,2026-01-01,AUT026,stakeholder_request,Medium,12600
EV0002,2026-01-02,AUT032,launch,High,29332
EV0003,2026-01-03,AUT006,launch,Medium,8583
EV0004,2026-01-04,AUT007,handoff,Medium,14110
EV0005,2026-01-05,AUT031,launch,Medium,40132
EV0006,2026-01-06,AUT010,stakeholder_request,High,2706
EV0007,2026-01-07,AUT034,exception,Low,7969
EV0008,2026-01-08,AUT016,qa_check,Medium,16105
EV0009,2026-01-09,AUT027,exception,Medium,41296
EV0010,2026-01-10,AUT028,launch,High,32244
EV0011,2026-01-11,AUT012,qa_check,High,32794
EV0012,2026-01-12,AUT027,launch,Low,50488
EV0013,2026-01-13,AUT029,stakeholder_request,High,827
EV0014,2026-01-14,AUT024,handoff,Medium,4825
EV0015,2026-01-15,AUT011,handoff,High,42875
EV0016,2026-01-16,AUT033,experiment,Medium,40777
EV0017,2026-01-17,AUT036,handoff,Low,34677
EV0018,2026-01-18,AUT033,handoff,Low,23034
EV0019,2026-01-19,AUT028,qa_check,High,2102
EV0020,2026-01-20,AUT007,exception,High,24805
EV0021,2026-01-21,AUT024,experiment,Medium,32731
EV0022,2026-01-22,AUT031,handoff,High,47883
EV0023,2026-01-23,AUT014,exception,Medium,36160
EV0024,2026-01-24,AUT008,stakeholder_request,Low,3440
EV0025,2026-01-25,AUT011,experiment,High,22524
EV0026,2026-01-26,AUT003,launch,Medium,5028
EV0027,2026-01-27,AUT016,launch,Medium,23740
EV0028,2026-01-28,AUT029,handoff,Medium,46805
EV0029,2026-01-29,AUT013,exception,Medium,17964
EV0030,2026-01-30,AUT009,exception,Medium,45485
EV0031,2026-01-31,AUT020,experiment,High,11769
EV0032,2026-02-01,AUT022,stakeholder_request,Low,39994
EV0033,2026-02-02,AUT004,stakeholder_request,High,22546
EV0034,2026-02-03,AUT032,stakeholder_request,Low,33855
EV0035,2026-02-04,AUT022,qa_check,Medium,12618
EV0036,2026-02-05,AUT009,launch,Medium,46790
EV0037,2026-02-06,AUT016,handoff,Low,32575
EV0038,2026-02-07,AUT008,exception,Medium,15037
EV0039,2026-02-08,AUT015,qa_check,Low,7328
EV0040,2026-02-09,AUT028,handoff,Medium,3890
EV0041,2026-02-10,AUT023,experiment,Medium,40382
EV0042,2026-02-11,AUT035,stakeholder_request,Low,11451
EV0043,2026-02-12,AUT025,exception,Medium,51826
EV0044,2026-02-13,AUT026,handoff,Low,33114
EV0045,2026-02-14,AUT008,stakeholder_request,Low,37543
EV0046,2026-02-15,AUT005,experiment,Medium,26253
EV0047,2026-02-16,AUT027,experiment,Medium,22642
EV0048,2026-02-17,AUT029,launch,Medium,32635
EV0049,2026-02-18,AUT027,launch,Low,18101
EV0050,2026-02-19,AUT031,exception,Medium,46556
EV0051,2026-02-20,AUT012,qa_check,Medium,32133
EV0052,2026-02-21,AUT029,experiment,Medium,40687
EV0053,2026-02-22,AUT025,experiment,High,33278
EV0054,2026-02-23,AUT009,exception,Low,46648
EV0055,2026-02-24,AUT019,exception,Medium,19696
EV0056,2026-02-25,AUT012,launch,Low,32792
EV0057,2026-02-26,AUT004,stakeholder_request,Low,40200
EV0058,2026-02-27,AUT004,exception,Low,42713
EV0059,2026-02-28,AUT014,launch,High,12490
EV0060,2026-03-01,AUT022,exception,Low,27973
EV0061,2026-03-02,AUT021,launch,Medium,8116
EV0062,2026-03-03,AUT030,exception,Medium,44546
EV0063,2026-03-04,AUT034,exception,Medium,25654
EV0064,2026-03-05,AUT014,exception,Low,40478
EV0065,2026-03-06,AUT035,experiment,High,24610
EV0066,2026-03-07,AUT006,handoff,High,7273
EV0067,2026-03-08,AUT031,qa_check,Medium,14026
EV0068,2026-03-09,AUT023,stakeholder_request,Low,31492
EV0069,2026-03-10,AUT010,experiment,Low,41326
EV0070,2026-03-11,AUT003,experiment,High,40571
EV0071,2026-03-12,AUT014,launch,Medium,29861
EV0072,2026-03-13,AUT017,qa_check,Medium,15363
EV0073,2026-03-14,AUT014,stakeholder_request,High,31686
EV0074,2026-03-15,AUT017,launch,Low,51388
EV0075,2026-03-16,AUT001,stakeholder_request,Medium,20050
EV0076,2026-03-17,AUT031,experiment,High,11316
EV0077,2026-03-18,AUT032,launch,Low,45606
EV0078,2026-03-19,AUT004,stakeholder_request,Low,4656
EV0079,2026-03-20,AUT017,handoff,High,35340
EV0080,2026-03-21,AUT019,qa_check,Low,46673
EV0081,2026-03-22,AUT036,stakeholder_request,Medium,6717
EV0082,2026-03-23,AUT014,exception,Medium,29517
EV0083,2026-03-24,AUT012,handoff,High,27551
EV0084,2026-03-25,AUT026,experiment,High,5574
EV0085,2026-03-26,AUT009,stakeholder_request,Low,24584
EV0086,2026-03-27,AUT003,stakeholder_request,High,10536
EV0087,2026-03-28,AUT035,qa_check,Medium,7295
EV0088,2026-03-29,AUT036,experiment,Low,44190
EV0089,2026-03-30,AUT011,experiment,Low,37421
EV0090,2026-03-31,AUT009,experiment,High,2923
EV0091,2026-04-01,AUT015,experiment,High,47196
EV0092,2026-04-02,AUT003,handoff,Low,27449
EV0093,2026-04-03,AUT030,handoff,Low,21315
EV0094,2026-04-04,AUT036,experiment,High,29751
EV0095,2026-04-05,AUT034,qa_check,Low,27609
EV0096,2026-04-06,AUT024,experiment,Medium,47249
EV0097,2026-04-07,AUT012,exception,High,44943
EV0098,2026-04-08,AUT012,experiment,Medium,33675
EV0099,2026-04-09,AUT005,handoff,Medium,51835
EV0100,2026-04-10,AUT010,experiment,Medium,13679
EV0101,2026-04-11,AUT032,experiment,High,15288
EV0102,2026-04-12,AUT033,qa_check,Medium,34648
EV0103,2026-04-13,AUT020,stakeholder_request,Low,37345
EV0104,2026-04-14,AUT033,exception,High,18739
EV0105,2026-04-15,AUT035,launch,Low,41361
EV0106,2026-04-16,AUT032,stakeholder_request,Low,30144
EV0107,2026-04-17,AUT020,qa_check,Low,27994
EV0108,2026-04-18,AUT003,qa_check,Medium,30557
EV0109,2026-04-19,AUT012,handoff,Low,25418
EV0110,2026-04-20,AUT027,exception,Medium,49874
EV0111,2026-04-21,AUT007,stakeholder_request,High,42745
EV0112,2026-04-22,AUT017,exception,High,51106
EV0113,2026-04-23,AUT026,exception,High,26680
EV0114,2026-04-24,AUT003,exception,Low,4507
EV0115,2026-04-25,AUT034,qa_check,Low,27382
EV0116,2026-04-26,AUT027,stakeholder_request,High,16429
EV0117,2026-04-27,AUT029,experiment,Low,7051
EV0118,2026-04-28,AUT016,qa_check,Low,49386
EV0119,2026-04-29,AUT019,stakeholder_request,High,12233
EV0120,2026-04-30,AUT019,stakeholder_request,Low,5849
EV0121,2026-05-01,AUT030,launch,Medium,40337
EV0122,2026-05-02,AUT004,launch,Low,21248
EV0123,2026-05-03,AUT027,experiment,Medium,12385
EV0124,2026-05-04,AUT036,experiment,Low,39197
EV0125,2026-05-05,AUT021,qa_check,Medium,6464
EV0126,2026-05-06,AUT031,stakeholder_request,Medium,7942
EV0127,2026-05-07,AUT012,exception,High,30909
EV0128,2026-05-08,AUT030,qa_check,Medium,28522
EV0129,2026-05-09,AUT006,experiment,Low,6698
EV0130,2026-05-10,AUT036,launch,High,42651
EV0131,2026-05-11,AUT024,qa_check,Medium,10571
EV0132,2026-05-12,AUT034,launch,Medium,38818
EV0133,2026-05-13,AUT027,exception,High,6362
EV0134,2026-05-14,AUT030,stakeholder_request,Low,4106
EV0135,2026-05-15,AUT023,handoff,High,43056
EV0136,2026-05-16,AUT015,launch,Low,33734
EV0137,2026-05-17,AUT015,qa_check,High,44058
EV0138,2026-05-18,AUT030,exception,Medium,31809
EV0139,2026-05-19,AUT019,launch,Low,11685
EV0140,2026-05-20,AUT007,launch,Medium,33302
EV0141,2026-01-01,AUT001,handoff,Medium,28880
EV0142,2026-01-02,AUT005,exception,Low,14247
EV0143,2026-01-03,AUT024,stakeholder_request,Medium,6635
EV0144,2026-01-04,AUT033,handoff,Medium,14149
EV0145,2026-01-05,AUT033,stakeholder_request,High,1141
EV0146,2026-01-06,AUT021,experiment,Low,4117
EV0147,2026-01-07,AUT015,stakeholder_request,Low,19155
EV0148,2026-01-08,AUT029,experiment,Low,15717
EV0149,2026-01-09,AUT030,launch,Low,32583
EV0150,2026-01-10,AUT017,stakeholder_request,High,15538
EV0151,2026-01-11,AUT031,handoff,Low,47787
EV0152,2026-01-12,AUT012,experiment,High,40484
EV0153,2026-01-13,AUT024,qa_check,High,23603
EV0154,2026-01-14,AUT009,qa_check,Medium,27276
EV0155,2026-01-15,AUT023,qa_check,Medium,50085
EV0156,2026-01-16,AUT009,handoff,High,5682
EV0157,2026-01-17,AUT011,stakeholder_request,Low,15466
EV0158,2026-01-18,AUT019,experiment,Low,37457
EV0159,2026-01-19,AUT030,stakeholder_request,Medium,48833
EV0160,2026-01-20,AUT006,experiment,High,4013
EV0161,2026-01-21,AUT016,handoff,Medium,39028
EV0162,2026-01-22,AUT026,qa_check,Medium,15291
EV0163,2026-01-23,AUT024,qa_check,Medium,32262
EV0164,2026-01-24,AUT019,exception,Low,49372
EV0165,2026-01-25,AUT012,stakeholder_request,High,14952
EV0166,2026-01-26,AUT035,launch,Low,7287
EV0167,2026-01-27,AUT014,handoff,Medium,8773
EV0168,2026-01-28,AUT013,handoff,Medium,28563
EV0169,2026-01-29,AUT024,stakeholder_request,Medium,14430
EV0170,2026-01-30,AUT031,qa_check,Medium,37473
EV0171,2026-01-31,AUT005,handoff,Medium,10151
EV0172,2026-02-01,AUT002,exception,High,13518
EV0173,2026-02-02,AUT015,stakeholder_request,High,4896
EV0174,2026-02-03,AUT013,exception,High,7615
EV0175,2026-02-04,AUT022,stakeholder_request,Low,43287
EV0176,2026-02-05,AUT010,experiment,Medium,7016
EV0177,2026-02-06,AUT018,stakeholder_request,Medium,7753
EV0178,2026-02-07,AUT017,handoff,Medium,9436
EV0179,2026-02-08,AUT036,handoff,Medium,41896
EV0180,2026-02-09,AUT024,handoff,High,48903
EV0181,2026-02-10,AUT029,qa_check,High,50082
EV0182,2026-02-11,AUT008,qa_check,Low,18833
EV0183,2026-02-12,AUT026,qa_check,Low,24236
EV0184,2026-02-13,AUT027,qa_check,Low,13310
EV0185,2026-02-14,AUT029,launch,Medium,13370
EV0186,2026-02-15,AUT012,handoff,Low,2098
EV0187,2026-02-16,AUT011,qa_check,High,44823
EV0188,2026-02-17,AUT025,exception,Medium,23868
EV0189,2026-02-18,AUT017,exception,Low,48722
EV0190,2026-02-19,AUT003,experiment,Medium,22137
EV0191,2026-02-20,AUT006,handoff,Medium,43158
EV0192,2026-02-21,AUT004,qa_check,High,44935
EV0193,2026-02-22,AUT004,qa_check,Medium,13584
EV0194,2026-02-23,AUT006,launch,Low,35686
EV0195,2026-02-24,AUT013,exception,Medium,1436
EV0196,2026-02-25,AUT032,experiment,Medium,39307
EV0197,2026-02-26,AUT003,exception,Low,41460
EV0198,2026-02-27,AUT014,experiment,High,51030
EV0199,2026-02-28,AUT020,handoff,Medium,50772
EV0200,2026-03-01,AUT003,stakeholder_request,Medium,22939
EV0201,2026-03-02,AUT025,exception,Medium,30129
EV0202,2026-03-03,AUT022,stakeholder_request,Medium,28226
EV0203,2026-03-04,AUT024,experiment,Medium,10918
EV0204,2026-03-05,AUT019,exception,High,16667
EV0205,2026-03-06,AUT035,experiment,Medium,5368
EV0206,2026-03-07,AUT019,qa_check,Low,36817
EV0207,2026-03-08,AUT027,exception,Medium,11479
EV0208,2026-03-09,AUT031,qa_check,Low,49422
EV0209,2026-03-10,AUT018,qa_check,Low,21167
EV0210,2026-03-11,AUT013,exception,High,1553
EV0211,2026-03-12,AUT032,qa_check,Medium,31634
EV0212,2026-03-13,AUT008,experiment,Low,6953
EV0213,2026-03-14,AUT008,qa_check,Medium,8449
EV0214,2026-03-15,AUT030,stakeholder_request,High,14609
EV0215,2026-03-16,AUT030,exception,High,6355
EV0216,2026-03-17,AUT004,qa_check,High,47041
EV0217,2026-03-18,AUT008,launch,Low,35790
EV0218,2026-03-19,AUT033,handoff,Low,29805
EV0219,2026-03-20,AUT035,experiment,Low,35627
EV0220,2026-03-21,AUT006,qa_check,High,36222
EV0221,2026-03-22,AUT021,qa_check,Medium,3635
EV0222,2026-03-23,AUT023,stakeholder_request,Medium,20322
EV0223,2026-03-24,AUT001,stakeholder_request,Low,27160
EV0224,2026-03-25,AUT034,stakeholder_request,High,16505
EV0225,2026-03-26,AUT007,stakeholder_request,High,8020
EV0226,2026-03-27,AUT032,launch,Medium,33424
EV0227,2026-03-28,AUT036,handoff,Medium,8619
EV0228,2026-03-29,AUT032,exception,High,2587
EV0229,2026-03-30,AUT019,launch,Low,34788
EV0230,2026-03-31,AUT008,stakeholder_request,High,39175
EV0231,2026-04-01,AUT029,qa_check,Low,27832
EV0232,2026-04-02,AUT033,experiment,Medium,36579
EV0233,2026-04-03,AUT018,stakeholder_request,High,14308
EV0234,2026-04-04,AUT025,stakeholder_request,Medium,36658
EV0235,2026-04-05,AUT010,qa_check,Medium,1514
EV0236,2026-04-06,AUT016,handoff,Low,36716
EV0237,2026-04-07,AUT008,stakeholder_request,High,30698
EV0238,2026-04-08,AUT027,qa_check,Low,5694
EV0239,2026-04-09,AUT029,qa_check,High,27487
EV0240,2026-04-10,AUT002,qa_check,Low,6583
EV0241,2026-04-11,AUT032,exception,High,16037
EV0242,2026-04-12,AUT030,exception,Medium,13059
EV0243,2026-04-13,AUT012,handoff,Medium,27395
EV0244,2026-04-14,AUT012,exception,Low,38330
EV0245,2026-04-15,AUT020,launch,Low,11088
EV0246,2026-04-16,AUT014,exception,Low,9707
EV0247,2026-04-17,AUT033,handoff,Medium,7424
EV0248,2026-04-18,AUT028,handoff,Low,6892
EV0249,2026-04-19,AUT032,launch,Medium,14016
EV0250,2026-04-20,AUT023,handoff,High,39985
EV0251,2026-04-21,AUT031,stakeholder_request,Medium,10022
EV0252,2026-04-22,AUT018,exception,Medium,36707
EV0253,2026-04-23,AUT003,launch,Medium,35107
EV0254,2026-04-24,AUT011,exception,Low,38850
EV0255,2026-04-25,AUT007,experiment,High,14119
EV0256,2026-04-26,AUT002,launch,Medium,41435
EV0257,2026-04-27,AUT023,handoff,Medium,48487
EV0258,2026-04-28,AUT018,stakeholder_request,Low,41096
EV0259,2026-04-29,AUT028,stakeholder_request,Low,41339
EV0260,2026-04-30,AUT012,stakeholder_request,Medium,36178
EV0261,2026-05-01,AUT004,stakeholder_request,High,46837
EV0262,2026-05-02,AUT019,exception,Low,30062
EV0263,2026-05-03,AUT033,stakeholder_request,Low,4729
EV0264,2026-05-04,AUT009,exception,Low,37696
EV0265,2026-05-05,AUT001,stakeholder_request,Medium,44619
EV0266,2026-05-06,AUT025,handoff,Medium,43859
EV0267,2026-05-07,AUT008,experiment,Medium,20967
EV0268,2026-05-08,AUT024,stakeholder_request,Low,16129
EV0269,2026-05-09,AUT022,qa_check,Low,29788
EV0270,2026-05-10,AUT004,stakeholder_request,High,24085
EV0271,2026-05-11,AUT019,handoff,High,1590
EV0272,2026-05-12,AUT006,stakeholder_request,Low,1213
EV0273,2026-05-13,AUT023,experiment,Medium,18514
EV0274,2026-05-14,AUT017,handoff,Medium,25044
EV0275,2026-05-15,AUT019,handoff,Medium,16706
EV0276,2026-05-16,AUT030,qa_check,Low,34001
EV0277,2026-05-17,AUT009,qa_check,Medium,6900
EV0278,2026-05-18,AUT036,exception,High,10967
EV0279,2026-05-19,AUT026,launch,Medium,40718
EV0280,2026-05-20,AUT004,launch,High,15579
EV0281,2026-01-01,AUT028,experiment,High,25700
EV0282,2026-01-02,AUT002,exception,Low,13728
EV0283,2026-01-03,AUT007,stakeholder_request,Low,7039
EV0284,2026-01-04,AUT021,handoff,High,19289
EV0285,2026-01-05,AUT017,experiment,Medium,40541
EV0286,2026-01-06,AUT006,exception,High,33063
EV0287,2026-01-07,AUT014,handoff,Low,17310
EV0288,2026-01-08,AUT029,experiment,High,36443
EV0289,2026-01-09,AUT015,exception,Medium,6637
EV0290,2026-01-10,AUT022,experiment,High,39791
EV0291,2026-01-11,AUT034,qa_check,High,35624
EV0292,2026-01-12,AUT004,experiment,Medium,31044
EV0293,2026-01-13,AUT011,launch,Medium,26512
EV0294,2026-01-14,AUT016,handoff,Low,30530
EV0295,2026-01-15,AUT021,handoff,High,46240
EV0296,2026-01-16,AUT015,exception,Medium,46006
EV0297,2026-01-17,AUT009,stakeholder_request,Medium,44215
EV0298,2026-01-18,AUT008,exception,Medium,30918
EV0299,2026-01-19,AUT027,handoff,Low,5303
EV0300,2026-01-20,AUT002,stakeholder_request,Low,51871
EV0301,2026-01-21,AUT022,stakeholder_request,Low,3041
EV0302,2026-01-22,AUT026,exception,Low,47329
EV0303,2026-01-23,AUT022,stakeholder_request,Low,50064
EV0304,2026-01-24,AUT022,stakeholder_request,High,1527
EV0305,2026-01-25,AUT026,stakeholder_request,Low,3251
EV0306,2026-01-26,AUT034,launch,Low,18597
EV0307,2026-01-27,AUT026,stakeholder_request,High,38596
EV0308,2026-01-28,AUT021,qa_check,High,39429
EV0309,2026-01-29,AUT030,experiment,Low,47788
EV0310,2026-01-30,AUT027,handoff,Low,25229
EV0311,2026-01-31,AUT034,exception,Medium,16516
EV0312,2026-02-01,AUT016,launch,Low,41316
EV0313,2026-02-02,AUT031,stakeholder_request,High,45495
EV0314,2026-02-03,AUT029,stakeholder_request,Low,35125
EV0315,2026-02-04,AUT007,exception,Medium,14202
EV0316,2026-02-05,AUT009,handoff,Low,29432
EV0317,2026-02-06,AUT007,handoff,Medium,20339
EV0318,2026-02-07,AUT011,experiment,Low,9800
EV0319,2026-02-08,AUT011,exception,Medium,50011
EV0320,2026-02-09,AUT018,stakeholder_request,Medium,21241
EV0321,2026-02-10,AUT019,qa_check,Medium,11624
EV0322,2026-02-11,AUT029,exception,Low,10600
EV0323,2026-02-12,AUT026,experiment,Medium,30500
EV0324,2026-02-13,AUT002,qa_check,High,32650
EV0325,2026-02-14,AUT022,launch,Medium,25714
EV0326,2026-02-15,AUT003,qa_check,Low,47420
EV0327,2026-02-16,AUT019,qa_check,Medium,11144
EV0328,2026-02-17,AUT028,exception,Low,29724
EV0329,2026-02-18,AUT007,launch,High,39247
EV0330,2026-02-19,AUT030,experiment,Medium,30425
EV0331,2026-02-20,AUT002,exception,Medium,45051
EV0332,2026-02-21,AUT017,exception,High,34906
EV0333,2026-02-22,AUT025,handoff,Medium,2359
EV0334,2026-02-23,AUT025,exception,High,30768
EV0335,2026-02-24,AUT028,launch,Medium,31687
EV0336,2026-02-25,AUT024,stakeholder_request,Low,27239
EV0337,2026-02-26,AUT003,handoff,Medium,47901
EV0338,2026-02-27,AUT029,exception,Medium,26309
EV0339,2026-02-28,AUT005,qa_check,Low,29091
EV0340,2026-03-01,AUT016,exception,High,48579
EV0341,2026-03-02,AUT027,exception,High,31154
EV0342,2026-03-03,AUT028,stakeholder_request,High,7832
EV0343,2026-03-04,AUT012,stakeholder_request,Low,51095
EV0344,2026-03-05,AUT005,experiment,Low,818
EV0345,2026-03-06,AUT005,qa_check,Low,48053
EV0346,2026-03-07,AUT018,stakeholder_request,High,33765
EV0347,2026-03-08,AUT004,qa_check,High,19040
EV0348,2026-03-09,AUT013,launch,Low,9601
EV0349,2026-03-10,AUT028,launch,High,26403
EV0350,2026-03-11,AUT031,handoff,Low,27401
EV0351,2026-03-12,AUT024,experiment,Medium,22500
EV0352,2026-03-13,AUT019,stakeholder_request,High,15546
EV0353,2026-03-14,AUT033,stakeholder_request,Medium,38100
EV0354,2026-03-15,AUT026,stakeholder_request,Low,37611
EV0355,2026-03-16,AUT013,launch,Medium,13496
EV0356,2026-03-17,AUT001,experiment,High,34961
EV0357,2026-03-18,AUT018,handoff,High,44845
EV0358,2026-03-19,AUT018,qa_check,High,36070
EV0359,2026-03-20,AUT019,exception,High,15716
EV0360,2026-03-21,AUT024,experiment,Medium,8564
EV0361,2026-03-22,AUT029,launch,Medium,4368
EV0362,2026-03-23,AUT007,stakeholder_request,Low,23470
EV0363,2026-03-24,AUT014,qa_check,Low,24736
EV0364,2026-03-25,AUT026,experiment,Low,10701
EV0365,2026-03-26,AUT013,launch,Low,28145
EV0366,2026-03-27,AUT004,exception,Medium,32741
EV0367,2026-03-28,AUT028,stakeholder_request,Medium,11236
EV0368,2026-03-29,AUT027,stakeholder_request,Medium,46565
EV0369,2026-03-30,AUT027,handoff,Low,24115
EV0370,2026-03-31,AUT023,launch,High,29269
EV0371,2026-04-01,AUT036,qa_check,Medium,27219
EV0372,2026-04-02,AUT009,launch,Medium,3917
EV0373,2026-04-03,AUT017,experiment,Medium,8900
EV0374,2026-04-04,AUT005,experiment,Low,17116
EV0375,2026-04-05,AUT021,experiment,Low,3231
EV0376,2026-04-06,AUT020,qa_check,High,16800
EV0377,2026-04-07,AUT020,handoff,High,8025
EV0378,2026-04-08,AUT025,launch,Low,42238
EV0379,2026-04-09,AUT006,handoff,Medium,9080
EV0380,2026-04-10,AUT027,launch,Medium,5262
EV0381,2026-04-11,AUT023,experiment,High,7636
EV0382,2026-04-12,AUT034,exception,High,41205
EV0383,2026-04-13,AUT009,experiment,Medium,51054
EV0384,2026-04-14,AUT009,handoff,Medium,39072
EV0385,2026-04-15,AUT022,handoff,Medium,9216
EV0386,2026-04-16,AUT033,stakeholder_request,High,50416
EV0387,2026-04-17,AUT001,handoff,Low,23638
EV0388,2026-04-18,AUT031,experiment,Low,31942
EV0389,2026-04-19,AUT016,experiment,Medium,32807
EV0390,2026-04-20,AUT030,handoff,High,3323
EV0391,2026-04-21,AUT009,handoff,Medium,21736
EV0392,2026-04-22,AUT015,handoff,High,2241
EV0393,2026-04-23,AUT001,launch,High,17231
EV0394,2026-04-24,AUT032,launch,Low,42644
EV0395,2026-04-25,AUT035,stakeholder_request,Low,34888
EV0396,2026-04-26,AUT026,handoff,Low,24718
EV0397,2026-04-27,AUT002,handoff,Medium,29300
EV0398,2026-04-28,AUT004,launch,High,8587
EV0399,2026-04-29,AUT013,handoff,Medium,1989
EV0400,2026-04-30,AUT007,experiment,Low,27719
EV0401,2026-05-01,AUT025,handoff,Low,9546
EV0402,2026-05-02,AUT004,exception,Low,8566
EV0403,2026-05-03,AUT020,experiment,Low,20507
EV0404,2026-05-04,AUT030,launch,Medium,2407
EV0405,2026-05-05,AUT017,qa_check,Low,32930
EV0406,2026-05-06,AUT035,exception,High,8421
EV0407,2026-05-07,AUT017,experiment,Medium,40703
EV0408,2026-05-08,AUT001,stakeholder_request,Low,5976
EV0409,2026-05-09,AUT004,exception,High,3066
EV0410,2026-05-10,AUT036,exception,High,41634
EV0411,2026-05-11,AUT020,experiment,Medium,23350
EV0412,2026-05-12,AUT010,stakeholder_request,Medium,10378
EV0413,2026-05-13,AUT011,stakeholder_request,Medium,15939
EV0414,2026-05-14,AUT022,experiment,Medium,6553
EV0415,2026-05-15,AUT026,experiment,High,45950
EV0416,2026-05-16,AUT035,experiment,Medium,8534
EV0417,2026-05-17,AUT019,qa_check,High,2625
EV0418,2026-05-18,AUT001,handoff,Low,30104
EV0419,2026-05-19,AUT036,handoff,High,48453
EV0420,2026-05-20,AUT016,qa_check,Low,17557
EV0421,2026-01-01,AUT032,qa_check,Medium,41504
EV0422,2026-01-02,AUT006,exception,Medium,7516
EV0423,2026-01-03,AUT016,launch,Low,42479
EV0424,2026-01-04,AUT016,launch,High,30470
EV0425,2026-01-05,AUT033,handoff,Medium,987
EV0426,2026-01-06,AUT018,qa_check,High,17535
EV0427,2026-01-07,AUT036,qa_check,High,11532
EV0428,2026-01-08,AUT009,launch,Medium,19424
EV0429,2026-01-09,AUT011,handoff,High,6228
EV0430,2026-01-10,AUT027,launch,Medium,16646
EV0431,2026-01-11,AUT007,launch,Low,17222
EV0432,2026-01-12,AUT011,exception,Medium,41917
EV0433,2026-01-13,AUT031,exception,High,30346
EV0434,2026-01-14,AUT027,experiment,High,48291
EV0435,2026-01-15,AUT036,handoff,Low,47982
EV0436,2026-01-16,AUT004,handoff,High,38013
EV0437,2026-01-17,AUT009,qa_check,Medium,644
EV0438,2026-01-18,AUT012,launch,Low,40087
EV0439,2026-01-19,AUT024,exception,Low,22288
EV0440,2026-01-20,AUT034,handoff,High,39562
EV0441,2026-01-21,AUT028,handoff,High,7826
EV0442,2026-01-22,AUT002,stakeholder_request,Low,13043
EV0443,2026-01-23,AUT020,qa_check,Medium,49376
EV0444,2026-01-24,AUT028,exception,Low,18915
EV0445,2026-01-25,AUT008,handoff,High,51716
EV0446,2026-01-26,AUT036,experiment,Medium,33284
EV0447,2026-01-27,AUT031,handoff,High,20465
EV0448,2026-01-28,AUT003,handoff,Medium,46646
EV0449,2026-01-29,AUT025,qa_check,Low,44480
EV0450,2026-01-30,AUT023,stakeholder_request,High,9264
EV0451,2026-01-31,AUT017,handoff,Medium,23970
EV0452,2026-02-01,AUT021,exception,High,37272
EV0453,2026-02-02,AUT013,qa_check,Medium,19838
EV0454,2026-02-03,AUT022,launch,Low,3989
EV0455,2026-02-04,AUT031,exception,Low,39724
EV0456,2026-02-05,AUT002,experiment,Medium,9966
EV0457,2026-02-06,AUT013,launch,Medium,33289
EV0458,2026-02-07,AUT023,handoff,Medium,32234
EV0459,2026-02-08,AUT027,stakeholder_request,Low,45198
EV0460,2026-02-09,AUT008,exception,Low,40283
EV0461,2026-02-10,AUT019,handoff,Low,10830
EV0462,2026-02-11,AUT005,exception,Low,12259
EV0463,2026-02-12,AUT001,qa_check,High,18714
EV0464,2026-02-13,AUT018,experiment,High,5873
EV0465,2026-02-14,AUT009,launch,High,9668
EV0466,2026-02-15,AUT008,stakeholder_request,Medium,26534
EV0467,2026-02-16,AUT021,stakeholder_request,Medium,45672
EV0468,2026-02-17,AUT031,stakeholder_request,Medium,1702
EV0469,2026-02-18,AUT010,experiment,Medium,15447
EV0470,2026-02-19,AUT014,qa_check,Medium,15954
EV0471,2026-02-20,AUT034,handoff,Low,12762
EV0472,2026-02-21,AUT021,launch,Low,34272
EV0473,2026-02-22,AUT019,exception,High,48459
EV0474,2026-02-23,AUT016,handoff,Medium,40555
EV0475,2026-02-24,AUT013,handoff,Medium,23187
EV0476,2026-02-25,AUT005,stakeholder_request,High,24837
EV0477,2026-02-26,AUT032,launch,High,12369
EV0478,2026-02-27,AUT007,qa_check,High,25239
EV0479,2026-02-28,AUT013,handoff,Medium,39378
EV0480,2026-03-01,AUT034,experiment,High,18624
EV0481,2026-03-02,AUT002,experiment,Medium,6432
EV0482,2026-03-03,AUT012,exception,Medium,20487
EV0483,2026-03-04,AUT025,launch,Low,40715
EV0484,2026-03-05,AUT006,qa_check,Low,33551
EV0485,2026-03-06,AUT012,exception,Low,19709
EV0486,2026-03-07,AUT010,qa_check,Medium,51084
EV0487,2026-03-08,AUT007,stakeholder_request,Medium,26748
EV0488,2026-03-09,AUT022,stakeholder_request,High,11944
EV0489,2026-03-10,AUT014,experiment,Medium,37290
EV0490,2026-03-11,AUT032,handoff,Low,16330
EV0491,2026-03-12,AUT015,handoff,Low,20410
EV0492,2026-03-13,AUT016,stakeholder_request,Low,29760
EV0493,2026-03-14,AUT009,stakeholder_request,Medium,43509
EV0494,2026-03-15,AUT014,handoff,Medium,2265
EV0495,2026-03-16,AUT022,exception,Medium,19741
EV0496,2026-03-17,AUT003,stakeholder_request,High,42302
EV0497,2026-03-18,AUT030,experiment,Low,25165
EV0498,2026-03-19,AUT003,handoff,Low,27385
EV0499,2026-03-20,AUT018,launch,High,1104
EV0500,2026-03-21,AUT035,launch,Medium,41938
EV0501,2026-03-22,AUT001,stakeholder_request,Low,26239
EV0502,2026-03-23,AUT007,qa_check,High,45861
EV0503,2026-03-24,AUT001,launch,Low,25404
EV0504,2026-03-25,AUT013,exception,Low,9821
EV0505,2026-03-26,AUT012,launch,Low,48116
EV0506,2026-03-27,AUT027,launch,Low,2259
EV0507,2026-03-28,AUT007,experiment,High,35309
EV0508,2026-03-29,AUT007,stakeholder_request,High,22110
EV0509,2026-03-30,AUT028,stakeholder_request,High,1300
EV0510,2026-03-31,AUT010,handoff,Medium,40756
EV0511,2026-04-01,AUT034,qa_check,High,12964
EV0512,2026-04-02,AUT031,qa_check,High,47182
EV0513,2026-04-03,AUT022,handoff,Medium,17635
EV0514,2026-04-04,AUT027,exception,High,44863
EV0515,2026-04-05,AUT032,stakeholder_request,Medium,34716
EV0516,2026-04-06,AUT001,exception,Medium,51859
EV0517,2026-04-07,AUT008,exception,Low,41523
EV0518,2026-04-08,AUT009,experiment,Low,1139
EV0519,2026-04-09,AUT006,experiment,Medium,16828
EV0520,2026-04-10,AUT016,exception,Medium,4618
EV0521,2026-04-11,AUT035,exception,High,39142
EV0522,2026-04-12,AUT032,exception,High,2414
EV0523,2026-04-13,AUT008,launch,Medium,27698
EV0524,2026-04-14,AUT028,handoff,Medium,33320
EV0525,2026-04-15,AUT033,stakeholder_request,High,1667
EV0526,2026-04-16,AUT022,experiment,Low,45004
EV0527,2026-04-17,AUT024,qa_check,Low,33582
EV0528,2026-04-18,AUT016,handoff,Low,16418
EV0529,2026-04-19,AUT021,launch,High,51487
EV0530,2026-04-20,AUT034,qa_check,Medium,31933
EV0531,2026-04-21,AUT036,experiment,Medium,4806
EV0532,2026-04-22,AUT011,experiment,Low,49684
EV0533,2026-04-23,AUT035,launch,High,33423
EV0534,2026-04-24,AUT031,experiment,Medium,33649
EV0535,2026-04-25,AUT021,handoff,Medium,21991
EV0536,2026-04-26,AUT022,qa_check,Low,37425
EV0537,2026-04-27,AUT007,stakeholder_request,Medium,32950
EV0538,2026-04-28,AUT021,exception,Low,33745
EV0539,2026-04-29,AUT010,handoff,High,21770
EV0540,2026-04-30,AUT029,handoff,Low,4698
EV0541,2026-05-01,AUT012,exception,Medium,18911
EV0542,2026-05-02,AUT014,experiment,High,35176
EV0543,2026-05-03,AUT013,launch,Low,6003
EV0544,2026-05-04,AUT008,qa_check,Low,49036
EV0545,2026-05-05,AUT011,handoff,Medium,1240
EV0546,2026-05-06,AUT017,stakeholder_request,Medium,11980
EV0547,2026-05-07,AUT010,experiment,High,45001
EV0548,2026-05-08,AUT001,qa_check,Low,34661
EV0549,2026-05-09,AUT021,exception,Low,34179
EV0550,2026-05-10,AUT023,qa_check,Low,15494
EV0551,2026-05-11,AUT019,experiment,High,23241
EV0552,2026-05-12,AUT034,qa_check,High,7704
EV0553,2026-05-13,AUT003,stakeholder_request,Low,13496
EV0554,2026-05-14,AUT008,experiment,Low,23075
EV0555,2026-05-15,AUT015,stakeholder_request,Medium,3089
EV0556,2026-05-16,AUT004,qa_check,High,44927
EV0557,2026-05-17,AUT036,qa_check,Low,40207
EV0558,2026-05-18,AUT032,launch,High,44316
EV0559,2026-05-19,AUT032,launch,Medium,22012
EV0560,2026-05-20,AUT032,experiment,Medium,50937
EV0561,2026-01-01,AUT017,handoff,Medium,11788
EV0562,2026-01-02,AUT015,handoff,High,21267
EV0563,2026-01-03,AUT012,launch,Low,44304
EV0564,2026-01-04,AUT025,stakeholder_request,Low,18908
EV0565,2026-01-05,AUT022,experiment,Low,37402
EV0566,2026-01-06,AUT017,stakeholder_request,Medium,37657
EV0567,2026-01-07,AUT015,handoff,Low,15800
EV0568,2026-01-08,AUT025,qa_check,Medium,33797
EV0569,2026-01-09,AUT002,handoff,High,29113
EV0570,2026-01-10,AUT020,exception,Low,13103
EV0571,2026-01-11,AUT032,qa_check,Low,21597
EV0572,2026-01-12,AUT029,exception,Low,18066
EV0573,2026-01-13,AUT003,experiment,Low,14105
EV0574,2026-01-14,AUT023,handoff,High,15339
EV0575,2026-01-15,AUT012,handoff,High,31770
EV0576,2026-01-16,AUT013,qa_check,Low,43899
EV0577,2026-01-17,AUT005,stakeholder_request,High,34900
EV0578,2026-01-18,AUT004,stakeholder_request,Low,5930
EV0579,2026-01-19,AUT003,experiment,Medium,7595
EV0580,2026-01-20,AUT036,handoff,Low,27421
EV0581,2026-01-21,AUT030,exception,High,49581
EV0582,2026-01-22,AUT019,experiment,Medium,49490
EV0583,2026-01-23,AUT036,exception,Medium,7765
EV0584,2026-01-24,AUT015,experiment,Medium,40916
EV0585,2026-01-25,AUT026,stakeholder_request,High,38007
EV0586,2026-01-26,AUT018,launch,High,7903
EV0587,2026-01-27,AUT007,handoff,High,37109
EV0588,2026-01-28,AUT009,experiment,Medium,7047
EV0589,2026-01-29,AUT036,handoff,Medium,5030
EV0590,2026-01-30,AUT013,exception,High,7040
EV0591,2026-01-31,AUT001,exception,Low,49810
EV0592,2026-02-01,AUT029,launch,High,11074
EV0593,2026-02-02,AUT018,qa_check,High,35220
EV0594,2026-02-03,AUT004,handoff,Low,27979
EV0595,2026-02-04,AUT025,stakeholder_request,High,4127
EV0596,2026-02-05,AUT035,launch,High,46572
EV0597,2026-02-06,AUT013,qa_check,Medium,38578
EV0598,2026-02-07,AUT006,qa_check,Low,13225
EV0599,2026-02-08,AUT008,stakeholder_request,High,20109
EV0600,2026-02-09,AUT034,qa_check,Medium,18653
EV0601,2026-02-10,AUT033,exception,Medium,11258
EV0602,2026-02-11,AUT009,exception,High,24423
EV0603,2026-02-12,AUT007,qa_check,Medium,22317
EV0604,2026-02-13,AUT002,qa_check,Medium,4679
EV0605,2026-02-14,AUT016,exception,Low,38783
EV0606,2026-02-15,AUT003,launch,High,39585
EV0607,2026-02-16,AUT020,stakeholder_request,Low,543
EV0608,2026-02-17,AUT023,handoff,Low,51488
EV0609,2026-02-18,AUT003,launch,Medium,41767
EV0610,2026-02-19,AUT009,exception,Medium,7802
EV0611,2026-02-20,AUT020,experiment,Low,13028
EV0612,2026-02-21,AUT030,exception,Medium,24106
EV0613,2026-02-22,AUT018,handoff,Low,36632
EV0614,2026-02-23,AUT002,launch,Medium,6966
EV0615,2026-02-24,AUT011,handoff,High,35177
EV0616,2026-02-25,AUT010,qa_check,Low,20970
EV0617,2026-02-26,AUT029,qa_check,Medium,35825
EV0618,2026-02-27,AUT011,launch,Medium,40988
EV0619,2026-02-28,AUT030,exception,Medium,14286
EV0620,2026-03-01,AUT003,launch,High,16645
EV0621,2026-03-02,AUT014,handoff,Low,51040
EV0622,2026-03-03,AUT003,launch,Medium,43017
EV0623,2026-03-04,AUT029,experiment,Low,27253
EV0624,2026-03-05,AUT020,handoff,Low,19543
EV0625,2026-03-06,AUT022,stakeholder_request,Low,44936
EV0626,2026-03-07,AUT022,launch,Medium,33158
EV0627,2026-03-08,AUT011,exception,High,26301
EV0628,2026-03-09,AUT001,qa_check,Medium,23643
EV0629,2026-03-10,AUT028,qa_check,Medium,37354
EV0630,2026-03-11,AUT002,qa_check,Medium,18693
EV0631,2026-03-12,AUT025,exception,Low,48194
EV0632,2026-03-13,AUT026,handoff,Low,11707
EV0633,2026-03-14,AUT027,handoff,Medium,5537
EV0634,2026-03-15,AUT011,exception,High,48795
EV0635,2026-03-16,AUT015,handoff,Low,11458
EV0636,2026-03-17,AUT015,qa_check,High,10002
EV0637,2026-03-18,AUT035,handoff,High,41850
EV0638,2026-03-19,AUT030,experiment,Low,11753
EV0639,2026-03-20,AUT029,exception,Low,28600
EV0640,2026-03-21,AUT015,experiment,Medium,40016
EV0641,2026-03-22,AUT004,experiment,Medium,47994
EV0642,2026-03-23,AUT018,handoff,Low,50185
EV0643,2026-03-24,AUT031,qa_check,High,48825
EV0644,2026-03-25,AUT012,exception,Low,18679
EV0645,2026-03-26,AUT036,stakeholder_request,Medium,47233
EV0646,2026-03-27,AUT010,handoff,Low,49261
EV0647,2026-03-28,AUT005,launch,High,15755
EV0648,2026-03-29,AUT029,handoff,Low,19079
EV0649,2026-03-30,AUT013,exception,High,33103
EV0650,2026-03-31,AUT008,experiment,Medium,51919
EV0651,2026-04-01,AUT018,exception,High,25148
EV0652,2026-04-02,AUT015,exception,High,16184
EV0653,2026-04-03,AUT023,launch,High,24138
EV0654,2026-04-04,AUT006,launch,High,4586
EV0655,2026-04-05,AUT034,launch,Low,19119
EV0656,2026-04-06,AUT016,exception,Low,44559
EV0657,2026-04-07,AUT029,qa_check,Low,15587
EV0658,2026-04-08,AUT018,launch,Medium,17894
EV0659,2026-04-09,AUT015,exception,Medium,46854
EV0660,2026-04-10,AUT025,experiment,Medium,47084
EV0661,2026-04-11,AUT010,exception,High,34131
EV0662,2026-04-12,AUT006,handoff,Medium,9401
EV0663,2026-04-13,AUT022,exception,Low,10333
EV0664,2026-04-14,AUT013,handoff,High,32675
EV0665,2026-04-15,AUT019,launch,High,38102
EV0666,2026-04-16,AUT010,stakeholder_request,Medium,15809
EV0667,2026-04-17,AUT030,launch,High,28048
EV0668,2026-04-18,AUT025,launch,High,27999
EV0669,2026-04-19,AUT002,handoff,High,23705
EV0670,2026-04-20,AUT001,stakeholder_request,High,41683
EV0671,2026-04-21,AUT028,experiment,Medium,26218
EV0672,2026-04-22,AUT001,launch,Medium,29199
EV0673,2026-04-23,AUT008,stakeholder_request,Low,28233
EV0674,2026-04-24,AUT017,handoff,High,11170
EV0675,2026-04-25,AUT011,exception,Medium,51015
EV0676,2026-04-26,AUT014,launch,High,5105
EV0677,2026-04-27,AUT031,exception,Low,30286
EV0678,2026-04-28,AUT012,experiment,Low,28716
EV0679,2026-04-29,AUT011,handoff,Medium,14275
EV0680,2026-04-30,AUT014,launch,Low,3459
EV0681,2026-05-01,AUT012,stakeholder_request,High,4493
EV0682,2026-05-02,AUT033,launch,High,21787
EV0683,2026-05-03,AUT017,handoff,Low,5722
EV0684,2026-05-04,AUT005,experiment,Low,51131
EV0685,2026-05-05,AUT007,handoff,Low,27727
EV0686,2026-05-06,AUT026,stakeholder_request,Low,1587
EV0687,2026-05-07,AUT006,exception,High,38684
EV0688,2026-05-08,AUT031,launch,Medium,2837
EV0689,2026-05-09,AUT002,stakeholder_request,Medium,24826
EV0690,2026-05-10,AUT016,handoff,Low,14776
EV0691,2026-05-11,AUT008,stakeholder_request,Low,1813
EV0692,2026-05-12,AUT030,qa_check,Medium,7861
EV0693,2026-05-13,AUT012,launch,High,29312
EV0694,2026-05-14,AUT024,qa_check,High,43688
EV0695,2026-05-15,AUT024,stakeholder_request,Medium,22804
EV0696,2026-05-16,AUT008,experiment,Low,49771
EV0697,2026-05-17,AUT007,handoff,Low,32106
EV0698,2026-05-18,AUT029,exception,Low,9554
EV0699,2026-05-19,AUT024,launch,High,8113
EV0700,2026-05-20,AUT029,stakeholder_request,Medium,1136
EV0701,2026-01-01,AUT009,launch,Low,36253
EV0702,2026-01-02,AUT026,launch,High,33216
EV0703,2026-01-03,AUT008,qa_check,Low,6675
EV0704,2026-01-04,AUT030,handoff,Low,38751
EV0705,2026-01-05,AUT012,experiment,Low,8636
EV0706,2026-01-06,AUT027,experiment,Low,26347
EV0707,2026-01-07,AUT002,handoff,Low,7125
EV0708,2026-01-08,AUT030,handoff,High,28849
EV0709,2026-01-09,AUT019,exception,High,37695
EV0710,2026-01-10,AUT011,qa_check,Low,3671
EV0711,2026-01-11,AUT016,handoff,Low,44016
EV0712,2026-01-12,AUT014,launch,Medium,45325
EV0713,2026-01-13,AUT026,qa_check,High,27648
EV0714,2026-01-14,AUT033,experiment,Low,34682
EV0715,2026-01-15,AUT034,handoff,High,46535
EV0716,2026-01-16,AUT003,exception,High,12449
EV0717,2026-01-17,AUT021,stakeholder_request,Medium,10709
EV0718,2026-01-18,AUT030,launch,Medium,40861
EV0719,2026-01-19,AUT008,launch,Low,47726
EV0720,2026-01-20,AUT005,stakeholder_request,Low,17092
EV0721,2026-01-21,AUT012,exception,Medium,47306
EV0722,2026-01-22,AUT035,qa_check,Low,4894
EV0723,2026-01-23,AUT035,exception,Low,33206
EV0724,2026-01-24,AUT011,qa_check,High,2939
EV0725,2026-01-25,AUT017,qa_check,Low,23299
EV0726,2026-01-26,AUT023,handoff,Low,25395
EV0727,2026-01-27,AUT022,experiment,High,47383
EV0728,2026-01-28,AUT025,experiment,Low,31210
EV0729,2026-01-29,AUT029,launch,Low,13701
EV0730,2026-01-30,AUT017,stakeholder_request,High,11121
EV0731,2026-01-31,AUT003,stakeholder_request,Low,42180
EV0732,2026-02-01,AUT021,exception,Low,26378
EV0733,2026-02-02,AUT035,experiment,Medium,28396
EV0734,2026-02-03,AUT002,launch,Medium,44690
EV0735,2026-02-04,AUT030,qa_check,Medium,34747
EV0736,2026-02-05,AUT006,experiment,Low,36888
EV0737,2026-02-06,AUT018,exception,Medium,15356
EV0738,2026-02-07,AUT034,exception,Medium,25304
EV0739,2026-02-08,AUT014,exception,Low,7682
EV0740,2026-02-09,AUT018,launch,High,32377
EV0741,2026-02-10,AUT018,handoff,High,18361
EV0742,2026-02-11,AUT011,qa_check,Low,32465
EV0743,2026-02-12,AUT013,stakeholder_request,Low,15254
EV0744,2026-02-13,AUT005,handoff,Low,9891
EV0745,2026-02-14,AUT018,exception,High,25721
EV0746,2026-02-15,AUT032,handoff,Low,20193
EV0747,2026-02-16,AUT005,launch,Low,32114
EV0748,2026-02-17,AUT004,qa_check,Low,48604
EV0749,2026-02-18,AUT010,handoff,Low,24987
EV0750,2026-02-19,AUT023,exception,High,26246
EV0751,2026-02-20,AUT030,qa_check,High,8022
EV0752,2026-02-21,AUT023,stakeholder_request,High,4039
EV0753,2026-02-22,AUT022,exception,High,6179
EV0754,2026-02-23,AUT026,handoff,Low,20839
EV0755,2026-02-24,AUT033,exception,Medium,25559
EV0756,2026-02-25,AUT033,handoff,High,26283
EV0757,2026-02-26,AUT006,experiment,Low,16495
EV0758,2026-02-27,AUT007,launch,Low,12861
EV0759,2026-02-28,AUT005,stakeholder_request,Low,45849
EV0760,2026-03-01,AUT003,experiment,High,48207
